name,obsid,obi,region_id,ra,dec,flux_significance_b,var_index_b,var_prob_b,ks_prob_b,kp_prob_b,var_sigma_b,var_mean_b,var_min_b,var_max_b,var_index_h,var_prob_h,ks_prob_h,kp_prob_h,var_sigma_h,var_mean_h,var_min_h,var_max_h,var_index_m,var_prob_m,ks_prob_m,kp_prob_m,var_sigma_m,var_mean_m,var_min_m,var_max_m,var_index_s,var_prob_s,ks_prob_s,kp_prob_s,var_sigma_s,var_mean_s,var_min_s,var_max_s,hard_hm,hard_hm_lolim,hard_hm_hilim,hard_hs,hard_hs_lolim,hard_hs_hilim,hard_ms,hard_ms_lolim,hard_ms_hilim,mm_avg_b,mm_avg_h,mm_avg_m,mm_avg_s,Weirdness Score
2CXO J053512.3-691502,1967,1,52,83.80163427662939,-69.25073732110971,10.988432682696633,3.0,0.517137950992,0.8071787299381199,0.82342097351626,2461.5584860107365,92.93328051167238,0.0012459697910956204,89002.58152661982,0.0,0.32469045734009994,0.34487607147466004,0.51500636190278,1799.9260020450308,67.97172201278157,0.0004347194889531722,65258.932470418615,3.0,0.5670741210373299,0.6849468216478101,0.7598828756809201,6992.884635434229,259.75999205359915,0.0005906097924192571,229944.5661372666,0.0,0.43147481017988,0.946036738350178,0.8333762365056601,6.864529436485937e-05,0.0005787551438904929,0.00047560693616663065,0.0006467747141455072,0.038725796377264,-0.07557776389756403,0.14803247970018998,0.032479700187383,-0.084322298563398,0.14428482198626,-0.0062460961898814,-0.10805746408495,0.098063710181137,478.85204462039263,480.044722810367,442.6096661575762,0.9696515548590144,0.9997117776325948
2CXO J125558.7+565805,4030,0,32,193.9949512505469,56.96806765089728,5.411764705882477,4.0,0.6194384613734301,0.70366820825334,0.24725942188595995,1341.6108522078582,57.07831291508271,0.0006338715912841714,31592.069653146533,4.0,0.62928369019697,0.17295058815588005,0.013655373365149992,764.7125809789967,32.534053884268396,0.0003460014192103921,18007.34701598922,3.0,0.50070224519681,0.20802842452994,0.5834545887236701,400.0475980489325,17.019867668424006,0.00035492812062647486,9420.266198342504,1.0,0.59535927221632,0.9264202014970392,0.6976823143239901,0.0001234158817917276,0.0004899426517162867,0.00031207457992853187,0.0006032664867210763,0.20612117426608,-0.021861336664585,0.41411617738913,-0.16864459712679994,-0.37663960024984,0.048094940662086,-0.35852592129919,-0.53529044347283,-0.16052467207995005,276.7432030972839,276.7461353885868,276.74323727990884,0.934130824743606,0.9997025835956522
2CXO J054728.9-702634,1992,0,5,86.87047875790722,-70.44304259381869,10.914177298219554,0.0,0.12607993176598,0.7192002725384701,0.6883439212836,376.8716489558545,15.127647305727539,0.0025425257467517194,12009.901650259631,0.0,0.2678175285032,0.5337944348542101,0.46105553259249,987.9768175063311,49.14374727277557,0.0008673101161259692,27556.727864756413,0.0,0.20800992069527,0.20927127507942006,0.49902175870486,1095.8259979415943,47.78655526268318,0.0011169150198909043,33338.70930991854,2.0,0.83625084234797,0.976748750244477,0.8719490553931201,0.00021224455337631493,0.0005750809986958415,0.0002571065607328473,0.0008134188197627212,0.072454715802623,-0.034353529044347,0.17676452217364005,0.33104309806371,0.21673953778888005,0.44034978138663,0.26358525921299,0.15302935665209,0.37164272329794,396.9521482774873,280.3686151476312,348.82939608819186,0.9307605214946127,0.9996722575280632
2CXO J112646.1+534921,12983,0,5,171.692402865605,53.8226726025243,7.4715590500353315,0.0,0.14037671945381,0.14409802533797,0.36072960847419,0.00010710706924953565,0.007652881471192085,0.007524525993851063,0.00781510036108138,0.0,0.19339836814599,0.63621410149519,0.13530269304246,0.00011031146093594968,0.0030362147499437948,0.002882149369845436,0.003174972529949831,1.0,0.58915190330071,0.22233973509067995,0.29358779200109003,0.0005537908985092163,0.0026266440747218732,0.0021666496866911337,0.004844345604296956,6.0,0.97625807182383,0.9919765479922596,0.987111726287098,0.0012798887011224785,0.0019963419172766713,0.00032028978970864664,0.0034628514221563683,0.22860712054966,0.08307307932542199,0.3666458463460301,-0.012492192379763,-0.16926920674578,0.15178013741412,-0.2423485321674,-0.3903810118675801,-0.079325421611493,1.0022124615855963,0.9974791638021312,1.3345918007049469,0.9475183532252388,0.9991690087307716
2CXO J034501.5+321051,13434,0,156,56.25635430566729,32.18090617573029,6.7746589550688014,0.0,0.18393530938069,0.78106577546514,0.51107795405298,0.0004169678490933208,0.006345958570485033,0.005479742731305658,0.007150732007525093,0.0,0.36370521856368,0.28458370637505004,0.4693829783223,0.00012502335929013094,0.001432989073373161,0.001356796961882877,0.002010053320713333,0.0,0.25134045242913,0.77290874217632,0.4349551732159001,0.00020645788844837672,0.00276379696520483,0.0026019604091014345,0.003648542572230517,6.0,0.97934803276641,0.9024707546138678,0.954747974855314,0.0013378368716241145,0.002150106301335653,0.00031359263642891224,0.00346410647510655,-0.20861961274204,-0.3903810118675801,-0.029356652092442,-0.48094940662086,-0.6264834478450999,-0.31917551530294,-0.29606495940037003,-0.4366021236727,-0.14053716427232998,0.995158934504782,1.1747648133390396,1.1307818664003626,0.8784912423140993,0.9991294173546358
2CXO J030314.4-225418,16487,0,6,45.81030500445797,-22.905200985244107,20.515439012536326,0.0,0.061274763084501,0.06383153666562003,0.17599114908799995,2.3674696605602633e-05,0.013938770050751005,0.0139150953541454,0.013962444747356606,0.0,0.042148764261005,0.18978985312223995,0.21635249048006,7.752437898616993e-06,0.008261377118854305,0.008251315744463543,0.008271738954716279,0.0,0.13549603021838,0.30515762401388,0.41032167833209,4.892857132861089e-05,0.0048005840431670785,0.0047516554718384655,0.004849512614495688,2.0,0.7890111686274399,0.954411692798818,0.78680448557219,0.00029840790424526736,0.0008721651430532284,0.00034816475064660085,0.0012466843375822274,0.35852592129919,0.31417863835103,0.40287320424735,0.6545908806995601,0.59525296689569,0.71267957526546,0.38475952529669,0.29544034978139,0.47532792004997,1.0,1.0000181847086078,1.0000000000000002,0.9143045333396764,0.9990700481083328
2CXO J191810.0+062509,12368,1,1,289.54197777165257,6.419300804809785,10.502980834933195,1.0,0.60550922115624,0.9645540390823728,0.87942624891665,0.000668096114238308,0.006220456013175006,0.005552359898936699,0.006888552127413315,0.0,0.4019757249557101,0.7841109510522399,0.6362029398783899,0.0004896136654972523,0.0033074942119174105,0.0029737279869775433,0.005891453927272542,1.0,0.5854813371883499,0.929365409526828,0.7269216498116999,0.00034751451751815484,0.002337188531677536,0.0019896740141593814,0.002684703049195691,1.0,0.53133027210899,0.46704528236348,0.75669560117322,0.00014293710394949597,0.0005808416673243537,0.0003534791129173118,0.0007333576553548267,0.19737663960025,0.10430980637102,0.28794503435353,0.33978763272953993,0.19550281074329,0.49531542785759,0.14615865084322,-0.011867582760774998,0.32542161149282,1.0000000000000002,1.3401658999594726,1.0,0.9355705947187388,0.9990460652135176
2CXO J122655.9+675117,13386,1,12,186.7331841887552,67.85486989489742,7.594845715054759,0.0,0.35424418436971,0.6550011003356999,0.371732294433,0.00045858363025196464,0.008434586556750941,0.007976002926498976,0.008893170187002905,2.0,0.6912512238233499,0.9478469879829192,0.8041719948956,0.0007973542044323345,0.004186166338974529,0.003388812134542195,0.004983520543406864,0.0,0.11060539515264,0.28066150665755,0.31561174392908004,8.011488998386e-05,0.0026242029315735288,0.002572011398913313,0.003008287832463243,6.0,0.94409614086177,0.78940671541018,0.9233353908725308,0.0009567954610165188,0.0016565907518667196,0.00035227914027426084,0.0028034485070819216,0.17863835103061,0.029356652092442,0.31542785758901,-0.072454715802623,-0.23547782635853,0.10181136789507003,-0.2473454091193,-0.3903810118675801,-0.084322298563398,1.0000000000000002,1.0,1.0632369860265507,0.9524765376723764,0.9989849022985092
2CXO J132527.6-430108,13304,0,96,201.36504956982608,-43.0191130680878,24.61989575015102,0.0,0.043683660490348,0.07117885978644001,0.2878882742568,0.00010116265137877224,0.1737417473171686,0.17364058466578985,0.17384290996854734,0.0,0.045340274511659014,0.07429755380119996,0.2485424809076,0.00011365029459556308,0.16642840005938342,0.16631474976478786,0.16654205035397895,0.0,0.1718767716882,0.25836197675462,0.45120804804329,0.0004106692046240935,0.006521833382115215,0.006169319001610349,0.008070074084306041,2.0,0.6714324366015699,0.925516070037131,0.85525456254969,0.0003126273980767667,0.0008210058707017576,0.0004480125928168204,0.0010994505400196393,0.94316052467208,0.93129294191131,0.95502810743285,0.9893816364772,0.98001249219238,0.99750156152405,0.6495940037476601,0.41286695815116,0.8588382261086801,1.0,0.9999999999999998,1.0916710265065184,0.9424190423350812,0.9989364257290492
2CXO J232553.1-115900,7329,0,44,351.4713664984012,-11.983334228089946,5.976241075619647,0.0,0.07411422297830701,0.17189998224669,0.19083286022704005,1.5471544807842475e-06,0.004432333654415417,0.0044307864999346335,0.004433880808896202,0.0,0.11694718394051,0.6092545968826499,0.6802153460312099,2.7531099843724022e-05,0.002331384543909733,0.0023033602887441787,0.0023640625310166995,0.0,0.41322106976104,0.40170446996757003,0.35206688050021,7.745541446885573e-05,0.0008865806255155543,0.0008442236525071022,0.0014962789158340188,5.0,0.89540297452346,0.7941195725968699,0.84392486842463,0.000528614438055649,0.0011679725980837372,0.0002363750143224706,0.0017675588926202325,0.39100562148657,0.19050593379138,0.5627732667083101,-0.099937539038101,-0.29918800749532,0.08682073703935,-0.4684572142410999,-0.61274203622736,-0.31168019987508,1.0000000000000002,1.0009980618498926,1.3199603628717351,0.8578685451313268,0.9988402684563761
2CXO J005901.0-721329,13773,0,26,14.754456432248444,-72.22496250063911,11.249722849365263,0.0,0.07472940848719,0.4896479330936901,0.4797286671836401,1.6337569507660794e-05,0.004505327945632104,0.004488118474990989,0.004529998488060618,0.0,0.41530511116342,0.63228567220484,0.28561773194102,0.00015508285943836484,0.0018172840302291238,0.001662201170790759,0.0019723668896674887,0.0,0.17859843749405,0.20370821041538,0.07330665641737999,7.136993941969259e-05,0.0016381414549910172,0.0016051812680136519,0.002111061358492911,6.0,0.98358980872603,0.9971197093736404,0.9894531261819292,0.0005279769926216322,0.0010352987365443544,0.0002515120456196918,0.0016996810800453633,0.21861336664585,0.12304809494066,0.31043098063709995,0.24109931292942,0.13304184884447,0.34540911930044005,0.021236727045596,-0.09056839475327902,0.1367895065584,1.0008280276017012,1.0,1.1342862410276229,0.9423333849405608,0.9988261685573441
2CXO J111223.6+405445,15106,0,17,168.09865548523874,40.91267937938465,5.98415339502869,0.0,0.10128042659313,0.66425798826014,0.8160905781226501,6.302550817106919e-05,0.004832412229596026,0.004748972078126008,0.0049258878978485285,1.0,0.5718132827547601,0.8877967343178002,0.84787877585765,0.00025247299478410216,0.0010361944198378787,0.0008095918935960079,0.0017347341776950136,0.0,0.14171517555869,0.15667731042218005,0.21019737138653005,8.804171872575654e-05,0.0023297567660391784,0.002263450179512653,0.002685893176065717,6.0,0.913656584584,0.54713601095995,0.8723394124609001,0.0007987175075675558,0.0014672760776664564,0.0003407367254509916,0.0021292100665786426,-0.40724547158026,-0.61149281698938,-0.20049968769519,-0.60087445346658,-0.76139912554653,-0.41411617738913,-0.24359775140537,-0.39912554653342,-0.06683322923173,1.001038354791115,1.2277261981825294,1.0622017344739278,0.8416775921126641,0.998821215180852
2CXO J124222.9-112219,6775,0,9,190.59565400247243,-11.372116440581634,5.2,0.0,0.14939090254582998,0.41968500334599,0.76665038419604,4.902150983624862e-05,0.0022415856789995427,0.002168036091997214,0.002282907872080068,1.0,0.5629874072901301,0.70806641050228,0.9554719195062712,6.044821159364645e-05,0.00045982398819462313,0.0004281587585654432,0.0008484523452882263,0.0,0.43332084692102,0.56658049288933,0.78342402387664,5.852926681615405e-05,0.0006896657696800007,0.0006595186583290786,0.0010226860269641946,6.0,0.95291241644476,0.78480971927395,0.9793865481312628,0.000632287288265345,0.0010920574271769128,0.0002011350406050651,0.0016107595683027966,-0.016239850093691003,-0.28169893816365005,0.23297938788257,-0.3797626483447801,-0.58151155527795,-0.16926920674578,-0.35602748282324004,-0.5252966895690201,-0.17301686445971,0.9928114739883186,1.3881519196790322,1.2195796567327115,0.8295784469832351,0.9988097166953732
2CXO J134858.1+051321,8246,0,7,207.24211219575702,5.222671978952816,6.54468618075215,0.0,0.49600486208739,0.35501326321116,0.44394972335881,0.0014466773782095535,0.006717103685199584,0.005537836625273901,0.013827345485976037,2.0,0.72314567734507,0.31484596493761996,0.7324094242085599,0.0007113099076677409,0.0025401173932267564,0.0020341600913363,0.006525667675574706,0.0,0.21779013028987,0.47863233395549,0.11382782349288,0.00017171115071003002,0.002721487938194022,0.002600499416855646,0.003569467847284136,2.0,0.8968460082509001,0.97412542685175,0.935650822507884,0.0006992813570436134,0.0014370299275849607,0.00044094596903341806,0.0020785714964356426,0.052467207995003,-0.12554653341661,0.21424109931293,0.078700811992505,-0.12429731417864,0.28169893816365005,0.026233603997502,-0.15053091817614006,0.22048719550281,1.4414830423057956,1.6849275922711004,1.133565057840045,0.876640568545188,0.9987913642572902
2CXO J065803.5-560114,4986,0,20,104.51478562613735,-56.02059411899386,8.702079116196678,0.0,0.094588847088129,0.36189468265194,0.77991561295872,4.836852560632077e-05,0.0044904151894895735,0.004446432064331225,0.0045616858381563605,0.0,0.11036030833356,0.26753792773383,0.50619581174522,1.4223442996013696e-05,0.0025658438156694395,0.0025475410543102503,0.0025824097503411602,0.0,0.21754018180910006,0.61950632070684,0.44705659117876,7.214707614687918e-05,0.0015600677686142801,0.001460829744851083,0.001651843352448422,0.0,0.45996559217326,0.7848648968063101,0.5706611210146899,6.85622670191528e-05,0.0003641408908223997,0.00026530137534450495,0.0004387487363787069,0.38101186758276,0.27420362273579,0.48282323547783,0.6745783885071801,0.5540287320424699,0.78513429106808,0.38725796377264,0.20174890693317,0.56901936289819,1.003038418760509,0.9996615486342424,0.9976082962294378,0.9667276176168224,0.9987871948684444
2CXO J034435.8+321502,8584,0,108,56.14943844858226,32.250693988027805,11.543408569051321,0.0,0.07538876124814799,0.84216463871934,0.84938460183891,2.8870756654027198e-05,0.005523457169500495,0.00549704743450844,0.005563168688472212,0.0,0.09848967616692,0.7047795850649,0.63942937753062,7.822125807196982e-05,0.0023733702093043287,0.002321935591750767,0.0027889496668177765,0.0,0.21865815660427,0.935228044427318,0.86804957866788,9.647294186611529e-05,0.002333354190672541,0.0022256765180305835,0.0024866610149763928,2.0,0.8354173883290601,0.9535807954368232,0.85494120764377,0.00033874214134342465,0.0007963319661692029,0.00031695177198246336,0.0011732630178568492,-0.012492192379763,-0.10555902560899,0.078076202373516,0.14865708931917998,0.019362898188632,0.28169893816365005,0.15990006246096,0.043098063710181,0.28669581511555,1.0012041175998534,1.0767147153301937,1.0097775879556334,0.9356743501131004,0.9987269941200928
2CXO J104354.6-593309,4495,0,463,160.97762457775733,-59.55261406423564,13.129489162892472,0.0,0.14622145452398,0.74392905356657,0.38309235566998,0.000424962468555361,0.004258767114764545,0.004030907482993361,0.008737729506566223,6.0,0.97875000880668,0.25379148456373,0.4347738102414699,0.0007738639979824937,0.0014204910317759036,0.0010748700332094264,0.0100287887366889,0.0,0.15500121576788,0.58422866372508,0.15707955442149002,0.0001850446284682712,0.0019753748337297964,0.0018850816390203343,0.004062931487494552,1.0,0.50469436973398,0.9860002455996127,0.903970969911239,0.0001753214769136185,0.0009648955637722703,0.0006612729618347316,0.001207936880956583,-0.052467207995003,-0.14053716427232998,0.034353529044347,0.00999375390381,-0.094316052467208,0.1155527795128,0.062460961898813,-0.033104309806371,0.16052467207995005,1.4991001674278597,3.908387494715997,1.5055403726299803,0.9686073358465954,0.9987030587396802
2CXO J151733.0+070509,10879,0,429,229.38770141557882,7.085985163677306,8.60001933704199,0.0,0.057021213955248,0.53858052925611,0.7479621798069,1.186278047459834e-05,0.004851050763457693,0.0048323316409102784,0.004864093902318498,0.0,0.14035035962963,0.22935504100551002,0.61712528932961,2.3938929831866048e-05,0.002175339588134438,0.0021514006583025717,0.002199278517966304,0.0,0.11568690944767998,0.25834871002882,0.5590357569364299,3.8949818236314725e-05,0.0014421031969086436,0.0014252836270627533,0.001779805295349227,6.0,0.98442585809039,0.8437922954766899,0.9965162130372108,0.000535976369225583,0.0012278565280440575,0.0003783305095428333,0.0019581316910612717,0.048719550281074,-0.098063710181137,0.17926296064959002,-0.081199250468457,-0.23922548407245006,0.074328544659588,-0.12742036227358,-0.24672079950031,0.0031230480949407,0.9994149737898675,1.0,1.1112550507073804,0.9514394178960086,0.998599845578191
2CXO J004948.1-732211,8479,0,3,12.45076856783936,-73.36993512957491,12.598310150961455,0.0,0.11975098842852,0.89693090414497,0.6878908587945101,7.335863234789234e-05,0.005545302634832349,0.005460889187803313,0.005652951793743804,0.0,0.14038034160992002,0.7061611225961599,0.32007784599053,4.0010308617426785e-05,0.0024700968085300677,0.002427356120550009,0.0025187938066167427,0.0,0.12901101231832002,0.73468296053871,0.5721600080834599,8.153243236043381e-05,0.00222326982971884,0.0021707233246138088,0.002754490813395254,2.0,0.87315815418559,0.6999531547965001,0.940691639153666,0.0003602536371287392,0.0008551094604918948,0.0003499694546893183,0.0011660513102945312,0.16614615865084,0.08307307932542199,0.24547158026234,0.29731417863835,0.19300437226733,0.40037476577139,0.13616489693941,0.02685821361649,0.25046845721424,1.002095080594562,1.0012056835355698,1.1076510084769866,0.886448364231505,0.9985826572429768
2CXO J182031.1-160929,8460,0,1542,275.12964763031664,-16.15827241176251,9.839842561623408,0.0,0.14474444259935998,0.70771999193334,0.978239204776622,4.7182207394963396e-05,0.004047240517266686,0.004000058309871722,0.00409442272466165,0.0,0.27394438525575,0.74834866265744,0.7877285012715101,0.00016572722109970328,0.002189698792283712,0.0021070732852177523,0.0035080954951392683,0.0,0.12725607562869,0.41357191182126,0.76476923880522,4.8855125909902336e-05,0.0016255835444193116,0.0015996993285025225,0.0019423518352583566,1.0,0.60474341011285,0.89155367085776,0.5804033422080099,6.966730716713938e-05,0.00023455776473144634,0.00014593321709895814,0.0003086178941294819,0.28981886321049,0.19050593379138,0.38288569643973,0.73454091193004,0.62773266708307,0.8301061836352299,0.56089943785134,0.4053716427233,0.70768269831355,0.9999999999999998,1.2821783525990735,1.0894706629877229,0.9689534510803172,0.9985730949694126
2CXO J111155.3-611756,4496,0,165,167.98065785976792,-61.298963154574224,10.683025864000149,1.0,0.6341570763079001,0.4913681870786501,0.7767271860108499,0.0008177419984119128,0.003704825749628187,0.003243684288730827,0.008737490179045902,0.0,0.19259904961357,0.18048207894846,0.16752591362951996,0.00010837673474625,0.0019257216660470734,0.0018497362057271509,0.002508763686785844,2.0,0.70332904002342,0.32369706985297,0.4381436685332501,0.00023815915371396896,0.0013894411875354752,0.0012940170388253019,0.003004859354307614,6.0,0.92727460411935,0.963193922769224,0.941478349904198,0.00022393055296434795,0.0003900199131134837,8.933841382681806e-05,0.0006437418109609468,0.30231105559026,0.21424109931293,0.38788257339163,0.55340412242349,0.45034353529044,0.6539662710805699,0.29856339787633,0.16177389131793,0.4366021236727,1.6169686886055503,1.1316536468792189,1.546980337022418,0.9397984566168308,0.9985673338480726
2CXO J111511.2+404042,2209,0,25,168.79671934390538,40.67836461766709,6.978061019956389,0.0,0.30520365397673,0.5527443791588199,0.6759059446968001,0.0003232122378685402,0.0030145396486549987,0.0025195315613937073,0.00347802451275906,0.0,0.30498107604981,0.81578661709178,0.95805158698948,0.00012807326417355017,0.0009990850411493548,0.0008172345429708405,0.001306786618504701,0.0,0.41386288697541,0.15904058855053005,0.06853893754447005,6.470858938081748e-05,0.0007909166591590031,0.0007575558209684281,0.0012706380755273662,6.0,0.91959748453004,0.6399514711922101,0.5959701553439599,0.000627620564451346,0.0012363569350975368,0.0002425772133572132,0.0018935069445874745,0.18488444722049,-0.019362898188632,0.36539662710806,-0.29231730168645004,-0.4603372891942501,-0.12804497189257005,-0.4472204871955,-0.57151780137414,-0.31168019987508,0.9947714698044698,1.0629831665941332,1.282179274522054,0.8638622461304716,0.9985537090930692
2CXO J053531.2-052339,14334,0,436,83.88017615746287,-5.394384163171325,5.5414137369514,0.0,0.4361553001827,0.83808974860827,0.85916985848377,0.000746363945748547,0.004608575970260282,0.0030827443744106827,0.005658772588781814,0.0,0.36347687604645,0.53715658158792,0.10516199780262003,0.000106917828178937,0.001297095302427281,0.001222198616385774,0.0016638694323586395,0.0,0.32207119019720004,0.17766138751460006,0.20699342384342,0.00011652171585181846,0.0015330176327780474,0.0014559530108692962,0.0019341122265464773,7.0,0.99951204333133,0.9995493807036756,0.9953069696227758,0.001560025084802962,0.0017688863276277144,0.00020886124282475248,0.003328911412430677,0.059962523422861,-0.16177389131793,0.27420362273579,-0.40474703310431,-0.57151780137414,-0.21549031855091005,-0.4522173641474099,-0.60274828232355,-0.27545284197377,0.9483967520121837,1.1125119501025311,1.1056837067400491,1.0,0.9993120745976124
2CXO J025608.1+192634,943,1,3,44.0341053076653,19.44284214300749,108.89458543524192,10.0,1.0,1.0,1.0,0.11491345766686895,0.2993886056320721,1.4673398751063736e-18,0.4689233293624469,10.0,1.0,0.9999999999974252,1.0,0.10804135262621853,0.28531651833443056,2.7321608149286302e-15,0.4357841814146523,10.0,1.0,0.9999999999924498,0.9999999999999496,0.008428140430228466,0.013825219294066077,0.0008028989735814072,0.037809687814349235,0.0,0.25864574478881003,0.6916211165182901,0.45460598281030995,4.128702284762765e-05,0.0009968915116477918,0.0009556044888001641,0.0010381785344954193,0.94316052467208,0.94128669581512,0.94503435352904,0.99562773266708,0.99500312304809,0.99625234228607,0.8457214241099301,0.8213616489693899,0.86883198001249,0.7831348964875456,0.7636855096203289,1.3964547674301109,0.9999999999999998,0.9992307774544159
2CXO J174638.0-285325,945,0,23,266.6583385426949,-28.890537939941662,18.159007745926765,6.0,0.93292884941164,0.978117052826119,0.8905409090497801,0.0032760747599273,0.009151057266486304,0.0011743456115073366,0.014009852277801693,7.0,0.99314674928694,0.964943940490374,0.922441750762768,0.0026004762061695983,0.0057479960463321655,0.0005099966457478557,0.011783851856066995,0.0,0.097724116580805,0.89407305338657,0.5827022415723699,2.2084947936708408e-05,0.0026268601146253487,0.0026051927859427684,0.002654309556279142,2.0,0.7827230206323,0.9034834722983792,0.959201278602068,0.00025323219854139393,0.000656969846602396,0.0003630544106434893,0.0012653441160472901,0.51217988757027,0.46783260462211,0.5552779512804499,0.7770143660212401,0.7339163023110601,0.8163647720174899,0.43847595252967,0.34915677701437,0.5252966895690201,0.8296417259302786,1.0694030060841495,1.0011005749676238,1.2393251647029553,0.9991419967927776
2CXO J182944.5+011311,4479,0,31,277.4356154542987,1.219758065566295,6.355832370405268,1.0,0.57320722646739,0.8691935296813901,0.7295355430336999,0.00034257657962387004,0.001355092744301498,0.000829818682930337,0.0016809889443342284,1.0,0.51612824018272,0.8801546449335501,0.8625642474213799,4.862924365390543e-05,0.0002127998355569181,0.00015387713576586946,0.00029390666198737575,0.0,0.34058309852166,0.14570562932139994,0.07408455598736996,0.00010937947866484677,0.0006704744270033296,0.0005369933074589873,0.0011083772045349801,0.0,0.42281688885071,0.60318818639636,0.27999293110296003,0.0003056207833986948,0.0007253054948043061,0.00046102133236262667,0.002514872017868809,-0.33853841349157,-0.5315427857589,-0.14053716427232998,-0.54965646470956,-0.7001873828857,-0.3803872579637701,-0.25234228607121,-0.39912554653342,-0.091817613991256,0.926433868760325,1.0521243979849677,1.2270195892093259,2.0514758067801204,0.998988240185306
2CXO J064105.0+093300,13610,0,103,100.27099328449629,9.550103829685721,12.866776628663736,5.0,0.80877676757687,0.975052268605337,0.9053246708010548,0.0005611552744503737,0.002348849369245316,0.0014686822708107911,0.003015799360922672,0.0,0.41372998012637,0.81109686886022,0.6803347783377099,7.028383646911942e-05,0.00038434490813528166,0.00028882643084327913,0.0005668404657394997,0.0,0.44219641830596,0.68900459747179,0.944221846681256,7.677864139495278e-05,0.0006523891469962526,0.0006291805670317513,0.002846015786343073,3.0,0.57225814857456,0.7088441376094701,0.37648924733722,0.00026620082305358944,0.001318094094840534,0.0012493161910350475,0.010266552150830128,-0.14366021236727,-0.25921299188007,-0.028107432854466,-0.70455965021861,-0.75640224859463,-0.6477201748906899,-0.6221111805121801,-0.67270455965022,-0.56652092442224,0.954612435018412,1.1131497757238422,2.6634382020113425,4.368378701847681,0.9989803527944406
2CXO J053509.2-053058,3498,0,31,83.78842521366852,-5.5162739113300505,36.73960987736765,10.0,1.0,1.0,1.0,0.01331816860560762,0.02556376560301816,0.0023039651937133386,0.03711080906156143,10.0,1.0,1.0,1.0,0.009881113807021929,0.01867834131063052,0.0009397092044117923,0.027264887677453584,9.0,1.0,1.0,1.0,0.0031861078275441357,0.006354334187695636,0.001346479410604706,0.009665366355439,0.0,0.4253472486923801,0.79050455884701,0.73919328665643,6.343768924141082e-05,0.0005789644110810691,0.0004992050733918368,0.0006445370767530022,0.6021236727045601,0.58151155527795,0.62023735165522,0.92567145534041,0.91130543410369,0.93753903810119,0.72954403497814,0.683947532792,0.7738913179263001,0.7709109617759387,0.7550080709204386,0.8664830524153696,0.9877482348260328,0.9989278968937458
2CXO J174041.6-534019,79,0,50,265.1733911992171,-53.67205750828208,31.654913816606694,8.0,0.99999999945771,0.85795104978764,0.9913882857293024,0.007060688081767351,0.027180120082354303,0.0009380252159229144,0.03945815206662672,0.0,0.34807359250035,0.9274460056296788,0.90072191492383,0.0012942143029972615,0.012888772478211026,0.008702005526565686,0.015245334594059173,0.0,0.18810768273882,0.6903491700319101,0.954780003020254,0.000408944116330529,0.010326351896045156,0.009677685743745477,0.011091212708466188,0.0,0.12046416928153,0.946719819424955,0.977603611646098,8.720490494088533e-05,0.003960763399283371,0.0038496884141248546,0.0041081545407383605,0.27982510930668,0.25046845721424,0.30918176139913,0.48469706433479,0.45159275452842,0.52029981261711,0.23610243597751,0.19300437226733,0.28044971892567,0.7431199192673063,0.929000033211416,1.0056261234021016,1.0045844894828913,0.9988296846231516
2CXO J162622.3-242253,637,1,19,246.5932991041342,-24.381406993885086,46.70954585389988,8.0,0.99998801635912,0.998743466634951,0.9999999451305158,0.0037162882544479695,0.031556036208749,0.026326218859496167,0.03462411496344822,8.0,0.99997146557881,0.9998114121917896,0.9999999980854768,0.003928080597216257,0.02481251814700312,0.019784310628322976,0.03228563278539928,0.0,0.03383101849726,0.3742084627296,0.63099884550621,1.003069977193912e-05,0.0065451662656144894,0.006530489084666395,0.00655344802729658,0.0,0.29406438260773,0.6427485285013901,0.18322630466272005,1.7958322175959596e-05,0.0002667810698388516,0.00025079891315010283,0.00037306251163947966,0.6858213616489699,0.67270455965022,0.7001873828857,0.97564022485946,0.97001873828857,0.98126171143036,0.8782011242973101,0.85009369144285,0.9050593379138,0.9657476214652988,1.0492676137349508,0.9995114395107422,1.1692385542317982,0.998818910732316
2CXO J023133.6-442026,4993,0,7,37.890142833264576,-44.34065225061817,7.736086842149688,5.0,0.88002397728186,0.92339879084523,0.80069363941844,0.0014229327809929017,0.003724940980925939,0.0007908760647896116,0.005638873587104091,1.0,0.5037940519298499,0.5021316425412999,0.19366424263704002,7.776836795931233e-05,0.0007266159794124159,0.0006856242248891637,0.0012504280499944474,0.0,0.4557810494783301,0.4176821717273101,0.7965796574615299,0.00030604164841997473,0.0014498881414528404,0.0010724213513596866,0.002468476346564406,2.0,0.753050134568,0.96266919202564,0.80752131504311,0.00042572260484089255,0.0015381303421383614,0.0011124077372974687,0.001963852946979254,-0.32479700187383004,-0.51405371642723,-0.14178638351031,-0.6133666458463499,-0.7414116177389101,-0.47782635852592,-0.35352904434728005,-0.46783260462211,-0.22798251093067,0.8630673190284219,1.3322389885020256,1.2210934059975085,1.0,0.9987935855556216
2CXO J162634.1-242328,637,1,112,246.64237742155152,-24.39122462684917,39.416395853392025,7.0,0.9988368839579,0.9998823071987908,0.9999999987348598,0.003083665209461078,0.02196656415103804,0.016407216763045455,0.02492561978796721,7.0,0.99462912604584,0.990691062812593,0.9999998765825302,0.0025144008020715224,0.01282708261790937,0.008951452854577211,0.01684190078129253,1.0,0.53108929613136,0.9659729257705748,0.9832126170430672,0.0004021403509036313,0.008414340136930803,0.008012199786027172,0.008816480487834434,0.0,0.17277882830327002,0.7489962095118601,0.21510269762486,1.7847421143897053e-05,0.0007174457312784558,0.0007010744948799406,0.0007403897647596651,0.36602123672705,0.34415990006246,0.38788257339163,0.8831980012492199,0.86758276077452,0.89756402248595,0.7645221736414699,0.7351655215490301,0.79387882573392,0.9408125063805092,1.0054255673015104,1.0,1.0045806928636831,0.9987915661935022
2CXO J174954.6-294335,9563,0,14,267.47759209425794,-29.726490301116037,13.56550652163659,8.0,0.9999999997793,0.9999996488835756,0.999997712410058,0.007787403156538511,0.01817615789233336,0.0005940671343402076,0.0268461968025826,8.0,0.99999998169672,0.9999689122693758,0.9999776680797926,0.007181386070984763,0.016205663125627656,0.0009726119289878932,0.028851494707099263,6.0,0.97502157160192,0.9904502025192328,0.98644120427891,0.000894603447540674,0.0014007965022577108,0.00035539468160656696,0.003127551175749353,2.0,0.72786659880087,0.987819035447726,0.977677257403612,0.00011385608309942639,0.00029651531033180465,0.00021221686104241623,0.0006052636547181117,0.87570268582136,0.8425983760149901,0.90381011867583,0.94440974391006,0.91255465334166,0.97001873828857,0.3735165521549,0.12929419113054,0.60149906308557,0.7548422526769809,0.9201754474620442,1.243201939661592,1.378479436434085,0.9987233236324762
2CXO J053501.3-052022,4395,0,824,83.75553123565065,-5.33946844374713,17.133208372332188,8.0,0.99999630506237,0.9999999981341688,0.9999999966532104,0.001092917595871819,0.004068731828762182,0.0026575578691977967,0.005213293918435557,8.0,0.99999985303469,0.9999999983116966,0.9999999996150508,0.0008333275342473402,0.0018016502744593367,0.000550947412789999,0.002940941940468478,0.0,0.30270209651996,0.961387890173248,0.914650768460896,7.610248056650349e-05,0.0017082253494774089,0.0016136695173874732,0.0017823101866524015,0.0,0.26628062740435,0.87655440088724,0.7482837123737399,2.9393678313284923e-05,0.0005834440062095108,0.0005522227168638547,0.0006185084673977348,0.18238600874453,0.12304809494066,0.24047470331043,0.42598376014991,0.35290443472829,0.49406620861961,0.26233603997502,0.18051217988757,0.34166146158651,0.9672364902490856,0.9690807929708694,0.9940081105454834,1.0032935224303154,0.9987226584308366
2CXO J053511.8-051925,14334,0,2606,83.79950247504792,-5.323876863539528,6.200000000000098,2.0,0.8559561007740301,0.979409093360402,0.8909801019247601,0.002560652850162679,0.006079340073934784,0.002054953667298049,0.009408123673845178,7.0,0.9908504343371,0.9993720997923936,0.9958604447879724,0.002027614009880266,0.002536652761820976,0.0005757582437164397,0.0067780105052607145,1.0,0.5799258078960601,0.8722944853216199,0.8284862345823599,0.0009734309899521923,0.0031533440576752845,0.002051586541369806,0.005002064258057119,1.0,0.5424776771565301,0.945657781537742,0.86922537215314,7.61346313314813e-05,0.0004923133442915289,0.00044214740186119763,0.0008110484445226702,0.01998750780762,-0.13928794503435002,0.18176139912555,0.46720799500312,0.22048719550281,0.69269206745784,0.44472204871955,0.20299812617114,0.67395377888819,0.9427896121728128,1.4495024426792529,1.1184397690854948,1.2727624194173512,0.9986683613470332
2CXO J174430.4-283018,8213,0,8,266.1268474648533,-28.505082072929827,10.255526392987145,8.0,0.99994453867294,0.9360729219618628,0.9938865782786525,0.00456787598553686,0.009799509507456571,0.001847022604625275,0.017147819708256087,6.0,0.96628476571029,0.70995123958728,0.9870234928369872,0.003123397566267463,0.007349542688136992,0.001926660869265196,0.011721477483328632,2.0,0.86961602445419,0.9642199926657192,0.928860637520228,0.001001384245965799,0.002196171123003145,0.0008178878799829933,0.004255709031605228,0.0,0.4969755120996,0.7740666263552199,0.45123373429063995,1.973917052279648e-05,0.0002840338369502366,0.0002716162008959878,0.0004369252557452655,0.63960024984385,0.56901936289819,0.7039350405996301,0.89444097439101,0.8338538413491601,0.947532792005,0.58713304184884,0.3903810118675801,0.7651467832604599,0.9691731151660162,0.9285025566708726,1.1551005425866705,1.2472835353862988,0.9986440458513984
2CXO J225322.7+623733,10812,0,170,343.34479468641547,62.626109582614276,9.899295021159316,8.0,0.99999999959916,0.9999999997870359,0.9999999974655576,0.002821778267634909,0.005053165344882967,0.0010507189182255997,0.0071394966536057,7.0,0.99923205154117,0.99993752345987,0.9995713891776712,0.00101082059549562,0.0017904908225093849,0.00037332278495219964,0.0028164865630046203,7.0,0.99988611182058,0.9999828855131702,0.9999876519659276,0.0012503721493404944,0.002260497334165483,0.0005658263091228503,0.003633744397320018,0.0,0.47087661399267,0.975740571530713,0.89193904604469,0.0001061150370990464,0.001034482892231639,0.0009678381446576104,0.0017586326057449757,0.037476577139288,-0.073079325421612,0.14678326046221,0.09369144284822,-0.038101186758276,0.22673329169269,0.056214865708932,-0.07058088694565899,0.18675827607745,0.8104044705488445,0.8907639480347298,0.9289041493148322,1.3177940258252627,0.9986409692938172
2CXO J190148.0-365722,4475,2,49,285.4501039411801,-36.95619923896133,22.584063158911423,8.0,0.99999998352688,0.999999902111516,0.9999996417632956,0.009496107641836426,0.03491647776315302,0.01685074249952264,0.04358365397029109,8.0,0.99999973336147,0.9999993101260601,0.9999983363476712,0.008401069087703559,0.03106022388168838,0.014820839653885918,0.0384574856631542,0.0,0.14786192633609,0.89604083178977,0.76838700727488,9.09824723900925e-05,0.003481889035632445,0.003341191553080831,0.0035768286087354134,0.0,0.4420987017386,0.34750537109986,0.04577074258966996,1.820327906303048e-05,0.00030742592227477733,0.0002964172902550052,0.00042765346824572047,0.84322298563398,0.82386008744535,0.8638351030605901,0.97189256714553,0.95877576514678,0.9825109306683298,0.70955652717052,0.59150530918176,0.81511555277951,0.8654137006566781,0.8576616433928936,0.9934291545508236,1.1776345227217877,0.9985573320662824
2CXO J013155.0+334129,9103,0,7,22.979407862176913,33.69150441094041,5.886224444744493,6.0,0.90841723178812,0.978374729794361,0.85299104670368,0.0019182466253325774,0.004726312569057432,0.000997351824089042,0.0071793163995609015,1.0,0.6250036097734001,0.60990193058141,0.34952996536915004,0.0003186160413419689,0.0016303968974827885,0.001418356574475874,0.003390621012742,0.0,0.4818030599733,0.63536791039091,0.9380652692180308,0.00012567667650082736,0.0008146708467588032,0.0007110707833118744,0.0012528747764655953,1.0,0.63994712468738,0.953620567227986,0.73620567441614,0.0006613037881636332,0.002240120273708396,0.0014114913194968578,0.003720057828075729,0.50218613366646,0.30043722673329,0.6689569019362901,-0.10743285446596,-0.29169269206746,0.074328544659588,-0.57589006870706,-0.71642723297939,-0.40787008119925,0.8650156019283989,1.4747873952172559,1.2053613846568196,1.1453735783297003,0.9985562392350179
2CXO J152040.8-571000,10062,0,148,230.17019994130055,-57.16667524089613,104.96289145895331,9.0,1.0,0.9999999999999972,1.0,0.01360456105676072,0.1520426896765074,0.12486882693586945,0.16356895115386225,9.0,1.0,0.999999999998498,1.0,0.012248194735156948,0.1356149443227299,0.11072421026314096,0.14446606687886673,2.0,0.82360047374329,0.9997767931720764,0.999921878137747,0.0010425943390565493,0.015542685172203738,0.014500090833147187,0.016585279511260285,0.0,0.3874710307829601,0.78597629767306,0.5598652935348399,6.248782632615091e-05,0.0008530714774061227,0.0007905836510799719,0.0009155593037322736,0.85696439725172,0.8538413491567801,0.86133666458463,0.9893816364772,0.98750780762024,0.99000624609619,0.86445971267958,0.8475952529669,0.8800749531542801,0.948542079541688,0.9408634071135928,1.0,1.0000000000000002,0.9985520223317692
2CXO J135705.4+192007,6903,1,38,209.27286041880032,19.33537083984802,6.368042652969117,1.0,0.6341402061440601,0.61072775798559,0.79963597099273,0.000294480948816934,0.0011642323042894435,0.0006866622116621426,0.0014249197348388367,6.0,0.9734977988436,0.9936549246837296,0.984710179854991,0.00017576353235471207,0.00022082623959389722,0.00010835424979912357,0.0007042612774845482,0.0,0.47035028326272,0.5562531577139399,0.41640467990206,4.1455965996914114e-05,0.0002637702112794465,0.00025426477408926814,0.0009702559006341607,0.0,0.35192950792091,0.08516776774187995,0.25427808256432005,7.829797103987321e-05,0.0006568456659173872,0.0006373186498371012,0.002171851519767322,0.13366645846346,-0.098063710181137,0.35165521549032003,-0.41848844472205,-0.57776389756402,-0.25296689569019,-0.5159275452842,-0.64647095565272,-0.37539038101187,0.9068559336144364,1.8399433164692842,2.321188334315229,2.1383791622351493,0.9985460473956168
2CXO J182031.7-160945,6420,0,617,275.1320997868811,-16.162713580324713,28.82422274180589,9.0,1.0,0.9999999999999998,1.0,0.0022564066511496193,0.00723886028135995,0.0027120846757795877,0.009880144306331452,9.0,0.99999999999989,0.999999999990986,0.999999999996607,0.001348579866070702,0.0038180850151611923,0.0011885401509198635,0.0053005174786207535,8.0,0.99999008309984,0.9999992336046024,0.9999995993305324,0.0008312071239256503,0.002845593261788928,0.0010652085013959952,0.0039049951773303493,0.0,0.26371141845331,0.48757397154657,0.7936578307869799,2.400283632966e-05,0.0005483776844215959,0.000537797772385936,0.0007900125191560428,0.28107432854466,0.24921923797626,0.31417863835103,0.66583385384135,0.6289818863210501,0.70143660212367,0.47220487195503,0.42036227357901,0.5240474703310399,0.8697659916531337,0.8497790913210798,0.8733158996169652,1.210671339537178,0.9985171230029104
2CXO J172534.0-342334,10987,0,175,261.39179187076854,-34.39297587970147,13.557778246304276,8.0,0.99999999698959,0.99999997868574,0.9999994830807588,0.0036450996196580572,0.009336108474927449,0.002585768358595088,0.011888829018265294,8.0,0.99999687018614,0.999994167785966,0.9999007847511528,0.0023229786752060532,0.005700878663899818,0.0009991724338103453,0.007736080644130475,5.0,0.89669951150812,0.9936516867438956,0.947867485228444,0.000941988771566402,0.003046027265280421,0.0015084118135812452,0.004013643027893298,0.0,0.25263837961781,0.3830546569474699,0.17340345431704995,0.01292533593467918,0.0015657940581165636,0.0003403880521382639,0.15587240351837064,0.4159900062461,0.35040599625234,0.4790755777639,0.8107432854466,0.7464084946908199,0.87133041848844,0.59212991880075,0.46908182386009,0.71143035602748,0.7751943658180805,0.7661321695246597,0.9064355569657344,49.88293024895354,0.9985093425194512
2CXO J053844.1-690556,16442,0,110,84.68395927867505,-69.09903300528289,6.503455491295066,0.0,0.14478463946554002,0.36764867196788,0.7840117021713799,0.004993642626855592,0.0018058518609617657,0.001259911398480264,0.11686868396422805,3.0,0.59077288635928,0.22430487615251005,0.19771653874339998,0.006459303584508271,0.0010800210868442807,0.0003257920675944213,0.11545062335723665,0.0,0.21377166078333,0.7598186562925,0.8523316622000701,0.002593943260085014,0.0008166018573768056,0.0005236688261557033,0.05430209146882204,2.0,0.7010941723328701,0.936607548182775,0.8640099042139999,0.00015749078964987892,0.000422917088615197,0.0002465463657420565,0.0006353947140147313,-0.12117426608370001,-0.30043722673329,0.054341036851967006,-0.43597751405371993,-0.58151155527795,-0.27170518425983997,-0.32854465958776,-0.47033104309805995,-0.16926920674578,32.707166605514104,53.599145810716884,33.56945603276985,1.0426879209878024,0.9997834412306229
2CXO J112017.5+530016,3951,1,315,170.07322768780887,53.00447748634371,7.438405548475433,0.0,0.22125353631079997,0.20427183471134006,0.026574933066599967,273.92546717237184,7.978006133732317,0.001162261270704898,10052.969791287369,0.0,0.27179385241576,0.08525615962023002,0.22838254717833995,104.05737313845978,3.8206788572103902,0.0005813255677665426,3394.7561279018505,0.0,0.34536702934214003,0.09451106846253997,0.24356143180335,40.38729865163413,1.4956919208633277,0.00033262785176333353,1297.4067881633416,0.0,0.42587002907693,0.9596711988850022,0.86191409426677,4.877530986134057e-05,0.0003336233124146098,0.0002660274102962988,0.00038768019421614046,0.3635227982510901,0.22548407245472,0.49031855090568,0.073703935040599,-0.084322298563398,0.23422860712054996,-0.30106183635228007,-0.44409743910056004,-0.13928794503435002,630.0428192855751,444.2609332135871,433.71469174023406,0.9797091213159068,0.9997449308071509
2CXO J180412.7-242312,3754,1,170,271.05305261838544,-24.38677546758033,8.412949387085757,0.0,0.35347342323155,0.60121522738461,0.6530612421262499,0.0034798537877800424,0.0013199321340216315,0.0011386509022055984,0.12553807658125593,0.0,0.32570210647962,0.5348755928044,0.2795047632241,0.0004457430816650053,0.00028600309520536736,0.00026177070731790497,0.01561363873146573,0.0,0.23254337179770998,0.31133751387231,0.21195301542611,0.0006024340134259173,0.00045722290181000733,0.0004245265533015377,0.02135756418702989,0.0,0.4951052125446,0.961197467167837,0.920483109416327,6.093050863538608e-05,0.00047339196935085526,0.0004177757842953959,0.0005486780337856271,-0.31855090568395,-0.5053091817614,-0.14803247970018998,-0.61461586508432,-0.73891317926296,-0.49031855090568,-0.35977514053716,-0.45908806995628,-0.25296689569019,47.98607603312789,27.753911941729413,23.81999092138945,1.0207754679555348,0.9997402743956763
2CXO J135302.0-662114,4480,0,20,208.2586561421025,-66.35391248110987,6.654352534965385,0.0,0.31941575978646003,0.31967565261121994,0.50002042750249,4252.589734464361,454.6233087793226,0.0019402982511797138,40233.95826099069,0.0,0.40706577014621004,0.27087506838242004,0.35023096247165003,14258.160561489794,1581.4648981656915,0.0005488249324100521,161245.81886671032,3.0,0.50556076186005,0.10145133706213004,0.37963275588043,18953.083036641732,2226.5211849600114,0.0008441922074051059,210667.64870223406,0.0,0.28378777955670004,0.23024935338623,0.12167060702794995,4.739003744823554e-05,0.000698916979485049,0.0006436290139941693,0.0007462036440128793,-0.022485946283572995,-0.20674578388507,0.15178013741412,0.038725796377264,-0.15677701436601998,0.22923173016864,0.061211742660837,-0.10805746408495,0.2317301686446,44.2497771499204,50.979891998412654,47.308700893903655,0.9942759289029256,0.9997381837619528
2CXO J112114.0+530952,3951,1,56,170.308473242579,53.164502740453386,6.123779547734157,0.0,0.18229776903831998,0.8484178398418201,0.72939576763347,17.985622950795268,0.6710238547116522,0.0005366668006031252,569.4271064923728,0.0,0.46342626486585,0.06404861220266,0.09228123326253003,26.941580385373417,1.02966619026524,0.00013226062245015813,778.1739516885904,0.0,0.41650077926652,0.7313225923144699,0.28785298555907,19.801499191124847,0.7442802643993984,0.00018639494685932369,614.0268380683506,0.0,0.4336350185895,0.8139312094687999,0.81283821300201,4.225262397770787e-05,0.0002476597918151678,0.00020994026258323897,0.00039578449648163834,0.026233603997502002,-0.19675202998126,0.23922548407245003,-0.20362273579013002,-0.40162398500937,-0.0043722673329169995,-0.22485946283573002,-0.39412866958151,-0.048094940662086,424.29761562192436,377.8768747125496,412.49718273719805,1.2228968510095057,0.9997173130605216
2CXO J183657.5+593026,2764,1,30,279.2399020379603,59.507489705334756,6.186866081511827,0.0,0.19744331273235,0.7043499837530699,0.7063135585104799,159.51484097632553,6.736749395071187,0.0016154948052931352,3784.9158676786897,5.0,0.7836518485821,0.8116873326226999,0.7400509474239799,126.021851674452,5.321249165337693,0.0002930415579306723,2990.204172204073,0.0,0.18130079858682,0.4699126289568501,0.57155760811699,135.6266832245239,5.727019285411711,0.0007284335271043057,3218.104501056264,0.0,0.45568592313469,0.43991522770965,0.83690361728671,0.00011008883352824658,0.0005826099260364142,0.00046910926562068446,0.0008585181223287103,-0.034978138663335,-0.23297938788257,0.15427857589007002,-0.13116801998751,-0.33416614615865003,0.07557776389756402,-0.094940662086196,-0.26920674578389,0.08931917551530301,280.91571032333917,280.96828135051896,280.95812752780387,1.1393793073364284,0.9997095325770624
2CXO J034419.7+315918,8944,0,17,56.08247248386283,31.988584928558808,10.997053625300325,0.0,0.30692405276274,0.8552874772339,0.954893488052066,0.00024585462216029046,0.005889267323972981,0.005643412701812693,0.006135121946133273,0.0,0.29989635346605,0.952630428239803,0.971979094547448,0.00023958181910124258,0.004972979423869213,0.00475560162825615,0.005271689952411519,0.0,0.16698643115263,0.06495099594829001,0.009819412997789987,1.3012411568497465e-05,0.0007087001310465942,0.0006937544201197738,0.0007238662861810887,0.0,0.31684168842227,0.3652992552455701,0.13537928491718,0.00045919984136533583,0.0003287877068558129,0.00016752527925088665,0.004348484707356497,0.80449718925671,0.75640224859463,0.85009369144285,0.89194253591505,0.83635227982511,0.93878825733916,0.28107432854465997,0.036851967520300004,0.5190505933791401,1.0000000000000002,1.0081774652574331,1.0001555271390656,6.867668547881325,0.999697392647146
2CXO J140346.1+541615,6114,0,22,210.9424147618197,54.27100509748372,8.030473517568304,0.0,0.350362255291,0.12076251995862995,0.07040592312067995,60766.58493110023,2193.5627002430087,0.0011863759586601946,1968145.4724185262,4.0,0.6274590437464599,0.38855573917302005,0.47808974532479,102462.2130141033,5315.631357453508,0.00048381711357707694,2598011.686764217,0.0,0.19562747745777997,0.42613800258574003,0.16552400379562004,15309.931210540886,678.7834174084984,0.0005727606057531054,467992.4179523907,1.0,0.63997605045406,0.7099828285552501,0.32906314817304005,0.00010250212528613502,0.00033161286935975336,0.00023974901441320092,0.0006595080655476736,0.076202373516552,-0.06683322923173,0.21299188007495,0.072454715802623,-0.08557151780137401,0.23297938788257,-0.0049968769519051,-0.15302935665209,0.15178013741412,448.618467433565,244.37470476626788,344.72882404219735,1.3558838679829803,0.999683257112312
